"","experimental_mz","adduct_ion","full_name","short_name","theory_mz","molecular_mass"
"CE 22:6.22:6 Cholesterol ester",695.577523730334,"[M-H]-","22:6 Cholesterol ester","CE 22:6",695.57725353,696.58453
"Hex1Cer(d18:1/18:0).GlcCer(d18:1/18:0)",726.589737190186,"[M-H]-","GlcCer(d18:1/18:0)","Hex1Cer(d18:1/18:0)",726.58894253,727.596219
"LPI 18:0.LPI 18:0",599.320956883532,"[M-H]-","LPI 18:0","LPI 18:0",599.32019153,600.327468
"PE 36:4.
PE(16:0/20:4(5Z,8Z,11Z,14Z))",738.509239828676,"[M-H]-","
PE(16:0/20:4(5Z,8Z,11Z,14Z))","PE 36:4",738.50793053,739.515207
"PE(O-40:6).
PE(O-18:0/22:6(4Z,7Z,10Z,13Z,16Z,19Z))",776.560087707092,"[M-H]-","
PE(O-18:0/22:6(4Z,7Z,10Z,13Z,16Z,19Z))","PE(O-40:6)",776.55996553,777.567242
"PS 40:5.PS(18:1(9Z)/22:4(7Z,10Z,13Z,16Z))",836.543787266834,"[M-H]-","PS(18:1(9Z)/22:4(7Z,10Z,13Z,16Z))","PS 40:5",836.54471053,837.551987
